"role","text","ts"
"user","hi, how are you","1757090452407"
"bot","Hi! I can help with loans, cards, accounts, and home loans. What would you like to explore?","1757090454297"
"user","loan","1757096614157"
"bot","ðŸ’¼ Loans â€” I can estimate eligibility fast.

Your saved details:
â€¢ Company: ENBD
â€¢ Salary: AED 12,000

Please share:
â€¢ Current liabilities (cards/loans â€” approx.)","1757096616054"
"user","credit card","1757096670406"
"bot","ðŸ’³ Credit Cards â€” Iâ€™ll suggest the best fit.

Your saved details:
â€¢ Company: ENBD
â€¢ Salary: AED 12,000
â€¢ Preference: cashback

Perfect â€” using your profile, Iâ€™ll tailor the options.

Iâ€™ll reply with 1â€“2 options and a quick benefits summary.","1757096671492"
"user","my salary is 15,000

i prefer travel cards

i pay around 2k on cards","1757097114331"
"bot","I didnâ€™t fully catch that. Could you share a bit more or phrase it differently?","1757097115440"
"user","my salary is 15,000

i prefer travel cards

i pay around 2k on cards","1757097445970"
"bot","I didnâ€™t fully catch that. Could you share a bit more or phrase it differently?","1757097447120"
"user","my salary is 15,000

i pay around 2k on cards","1757097646446"
"bot","I didnâ€™t fully catch that. Could you share a bit more or phrase it differently?","1757097647970"
"user","my salary is 15,000

i prefer travel cards

i pay around 2k on cards","1757097954648"
"bot","Got it â€” noted your salary as AED 15,000; noted your preference: travel.","1757097955960"
